{
  "gps_data_info": {
    "train_csv": "data/gnss/train_gnss.csv",
    "val_csv": "data/gnss/val_gnss.csv",
    "total_points": 13148,
    "unique_coords": 7740
  },
  "gps_statistics": {
    "lat_min": -0.0012254,
    "lat_max": -0.0002118,
    "lat_range": 0.0010136,
    "lat_std": 0.00038620964135348463,
    "lon_min": -0.0004073,
    "lon_max": 0.0009282,
    "lon_range": 0.0013354999999999999,
    "lon_std": 0.0004879314678117946,
    "total_points": 13148,
    "unique_coords": 7740
  },
  "recommendations": {
    "optimal_spatial_radius": 6.677499999999999e-06,
    "spatial_radius_score": 0.9511324639670555,
    "recommended_memory_sizes": {
      "conservative": 13,
      "moderate": 22,
      "aggressive": 284
    },
    "clustering_analysis": {
      "radius": 6.677499999999999e-06,
      "clusters": 1457,
      "total_points": 13148,
      "avg_points_per_cluster": 9.024021962937542,
      "max_points_per_cluster": 355,
      "min_points_per_cluster": 1,
      "cluster_sizes": [
        25,
        12,
        9,
        5,
        74,
        12,
        8,
        13,
        12,
        79,
        182,
        12,
        74,
        4,
        11,
        8,
        3,
        8,
        8,
        13,
        7,
        6,
        4,
        5,
        9,
        5,
        30,
        16,
        78,
        32,
        13,
        9,
        6,
        11,
        4,
        8,
        8,
        11,
        3,
        5,
        9,
        6,
        2,
        8,
        10,
        9,
        7,
        10,
        8,
        6,
        2,
        4,
        46,
        38,
        17,
        6,
        5,
        8,
        16,
        10,
        15,
        9,
        10,
        8,
        23,
        6,
        96,
        129,
        11,
        3,
        10,
        5,
        9,
        8,
        8,
        5,
        17,
        8,
        8,
        28,
        97,
        34,
        5,
        11,
        9,
        9,
        7,
        12,
        6,
        7,
        2,
        7,
        6,
        9,
        10,
        12,
        6,
        11,
        9,
        14,
        7,
        9,
        16,
        9,
        6,
        5,
        10,
        12,
        19,
        7,
        100,
        97,
        9,
        3,
        8,
        6,
        9,
        7,
        8,
        8,
        14,
        11,
        114,
        15,
        11,
        15,
        12,
        5,
        15,
        9,
        10,
        11,
        2,
        6,
        7,
        5,
        5,
        7,
        9,
        5,
        6,
        9,
        2,
        2,
        13,
        12,
        12,
        9,
        11,
        10,
        5,
        8,
        5,
        7,
        10,
        7,
        9,
        9,
        10,
        10,
        7,
        56,
        24,
        18,
        9,
        11,
        10,
        3,
        2,
        6,
        2,
        9,
        4,
        7,
        7,
        12,
        6,
        12,
        4,
        12,
        24,
        2,
        23,
        1,
        1,
        13,
        8,
        9,
        15,
        12,
        8,
        9,
        5,
        8,
        3,
        141,
        44,
        15,
        9,
        2,
        11,
        14,
        7,
        6,
        6,
        9,
        8,
        111,
        38,
        10,
        7,
        15,
        11,
        7,
        2,
        9,
        6,
        7,
        5,
        7,
        5,
        11,
        10,
        7,
        10,
        3,
        7,
        7,
        5,
        8,
        4,
        9,
        6,
        8,
        21,
        83,
        11,
        5,
        42,
        7,
        8,
        10,
        8,
        38,
        8,
        51,
        6,
        11,
        2,
        1,
        9,
        3,
        6,
        11,
        31,
        12,
        26,
        14,
        12,
        80,
        60,
        7,
        4,
        9,
        1,
        7,
        6,
        4,
        2,
        7,
        3,
        5,
        7,
        7,
        2,
        6,
        4,
        1,
        16,
        9,
        3,
        5,
        7,
        8,
        3,
        9,
        5,
        9,
        116,
        10,
        4,
        8,
        9,
        6,
        6,
        22,
        21,
        13,
        78,
        45,
        10,
        7,
        2,
        10,
        9,
        8,
        6,
        10,
        9,
        9,
        5,
        4,
        7,
        17,
        3,
        6,
        19,
        9,
        6,
        7,
        86,
        1,
        5,
        10,
        9,
        10,
        3,
        14,
        18,
        4,
        10,
        15,
        37,
        10,
        14,
        17,
        8,
        8,
        11,
        8,
        6,
        10,
        4,
        7,
        26,
        8,
        4,
        6,
        7,
        9,
        4,
        4,
        5,
        6,
        6,
        6,
        4,
        7,
        12,
        355,
        10,
        11,
        4,
        8,
        2,
        6,
        6,
        5,
        38,
        35,
        9,
        7,
        11,
        11,
        8,
        8,
        11,
        8,
        7,
        52,
        13,
        14,
        8,
        11,
        10,
        1,
        8,
        1,
        11,
        9,
        12,
        5,
        1,
        1,
        1,
        1,
        16,
        46,
        2,
        4,
        1,
        1,
        3,
        4,
        1,
        7,
        7,
        6,
        5,
        5,
        10,
        5,
        4,
        7,
        7,
        7,
        5,
        4,
        6,
        4,
        9,
        22,
        5,
        2,
        10,
        7,
        6,
        29,
        6,
        3,
        1,
        2,
        4,
        4,
        6,
        3,
        5,
        5,
        6,
        4,
        8,
        5,
        2,
        12,
        8,
        18,
        20,
        8,
        14,
        6,
        8,
        6,
        48,
        14,
        9,
        7,
        8,
        9,
        2,
        6,
        7,
        1,
        6,
        9,
        7,
        4,
        30,
        8,
        6,
        3,
        8,
        10,
        11,
        14,
        8,
        9,
        10,
        10,
        4,
        9,
        8,
        7,
        9,
        5,
        7,
        6,
        7,
        8,
        18,
        2,
        4,
        3,
        8,
        4,
        4,
        67,
        10,
        6,
        6,
        40,
        8,
        4,
        7,
        22,
        9,
        17,
        2,
        1,
        10,
        70,
        1,
        8,
        4,
        5,
        9,
        9,
        11,
        8,
        4,
        15,
        8,
        5,
        4,
        9,
        16,
        12,
        26,
        12,
        1,
        7,
        6,
        3,
        5,
        3,
        3,
        9,
        4,
        2,
        8,
        2,
        1,
        3,
        1,
        4,
        6,
        6,
        7,
        9,
        4,
        6,
        19,
        10,
        5,
        4,
        19,
        23,
        10,
        4,
        5,
        6,
        6,
        5,
        3,
        4,
        8,
        77,
        2,
        2,
        1,
        8,
        12,
        3,
        4,
        5,
        5,
        6,
        5,
        3,
        1,
        2,
        7,
        6,
        4,
        7,
        6,
        10,
        14,
        6,
        9,
        11,
        1,
        4,
        2,
        5,
        8,
        8,
        8,
        5,
        11,
        4,
        3,
        5,
        2,
        7,
        3,
        2,
        2,
        6,
        8,
        8,
        4,
        7,
        4,
        4,
        6,
        6,
        1,
