{
  "locations": [
    "-0.0010500,-0.0003500",
    "-0.0007500,-0.0004000",
    "-0.0005500,-0.0004000"
  ],
  "counts": {
    "-0.0010500,-0.0003500": 10,
    "-0.0007500,-0.0004000": 5,
    "-0.0005500,-0.0004000": 5
  },
  "stats": {
    "total_locations": 3,
    "total_memories": 20,
    "hit_rate": 0.8333333333333334,
    "avg_memories_per_location": 6.666666666666667,
    "total_queries": 24,
    "total_updates": 5,
    "hit_count": 20
  }
}